/*
Deployment script for SQL-Tasks

This code was generated by a tool.
Changes to this file may cause incorrect behavior and will be lost if
the code is regenerated.
*/

GO
SET ANSI_NULLS, ANSI_PADDING, ANSI_WARNINGS, ARITHABORT, CONCAT_NULL_YIELDS_NULL, QUOTED_IDENTIFIER ON;

SET NUMERIC_ROUNDABORT OFF;


GO
:setvar DatabaseName "SQL-Tasks"
:setvar DefaultFilePrefix "SQL-Tasks"
:setvar DefaultDataPath ""
:setvar DefaultLogPath ""

GO
:on error exit
GO
/*
Detect SQLCMD mode and disable script execution if SQLCMD mode is not supported.
To re-enable the script after enabling SQLCMD mode, execute the following:
SET NOEXEC OFF; 
*/
:setvar __IsSqlCmdEnabled "True"
GO
IF N'$(__IsSqlCmdEnabled)' NOT LIKE N'True'
    BEGIN
        PRINT N'SQLCMD mode must be enabled to successfully execute this script.';
        SET NOEXEC ON;
    END


GO
/*
The column [dbo].[Log].[studentFName] on table [dbo].[Log] must be added, but the column has no default value and does not allow NULL values. If the table contains data, the ALTER script will not work. To avoid this issue you must either: add a default value to the column, mark it as allowing NULL values, or enable the generation of smart-defaults as a deployment option.

The column [dbo].[Log].[studentSurname] on table [dbo].[Log] must be added, but the column has no default value and does not allow NULL values. If the table contains data, the ALTER script will not work. To avoid this issue you must either: add a default value to the column, mark it as allowing NULL values, or enable the generation of smart-defaults as a deployment option.
*/

IF EXISTS (select top 1 1 from [dbo].[Log])
    RAISERROR (N'Rows were detected. The schema update is terminating because data loss might occur.', 16, 127) WITH NOWAIT

GO
PRINT N'Altering [dbo].[Log]...';


GO
ALTER TABLE [dbo].[Log]
    ADD [studentFName]   NVARCHAR (50) NOT NULL,
        [studentSurname] NVARCHAR (50) NOT NULL;


GO
/*
Post-Deployment Script Template							
--------------------------------------------------------------------------------------
 This file contains SQL statements that will be appended to the build script.		
 Use SQLCMD syntax to include a file in the post-deployment script.			
 Example:      :r .\myfile.sql								
 Use SQLCMD syntax to reference a variable in the post-deployment script.		
 Example:      :setvar TableName MyTable							
               SELECT * FROM [$(TableName)]					
--------------------------------------------------------------------------------------
*/


INSERT INTO Student (studentId, firstName, surName)
VALUES (1, 'Test', 'Man');
INSERT INTO Student (studentId, firstName, surName)
VALUES (2, 'Pepis', 'Man');

INSERT INTO Teacher (teacherId, firstName, surname)
VALUES (10, 'Here', 'BePerson');
INSERT INTO Teacher (teacherId, firstName, surname)
VALUES (15, 'No', 'One');

INSERT INTO Room (roomId)
VALUES ('AB500');
INSERT INTO Room (roomId)
VALUES ('TL500');

INSERT INTO Class (classId, day, startTime, endTime, [name], labels)
VALUES (12, 'Wednesday', '08:30:00.00000', '11:30:00.00000', 'Design A Database', 'group 1');
INSERT INTO Class (classId, day, startTime, endTime, [name], labels)
VALUES (13, 'Friday', '08:30:00.00000', '11:30:00.00000', 'Sustainablity', 'group 1');

INSERT INTO Enrollment (classId, studentId)
VALUES (12, 1);
INSERT INTO Enrollment (classId, studentId)
VALUES (13, 1);
INSERT INTO Enrollment (classId, studentId)
VALUES (13, 2);

INSERT INTO [Log] (studentId, classId, [time], actionPerformed, teacherId, roomId, [date], studentFName, studentSurname)
VALUES (1, 12, '09:30:52', 'Signed In', 10, 'AB500', '2019-11-19', 'Test', 'Man');
INSERT INTO [Log] (studentId, classId, [time], actionPerformed, teacherId, roomId, [date], studentFName, studentSurname)
VALUES (1, 13, '09:35:52', 'Signed In', 10, 'AB500', '2019-11-21', 'Test', 'Man');
INSERT INTO [Log] (studentId, classId, [time], actionPerformed, teacherId, roomId, [date], studentFName, studentSurname)
VALUES (2, 13, '10:35:52', 'Signed In', 10, 'AB500', '2019-11-21', 'Pepis', 'Man');
GO

GO
PRINT N'Update complete.';


GO
